# index	kind	target	url
0	video	video/passing-appearance.mp4	https://d8j0ntlcm91z4.cloudfront.net/user_3IF74Vyc1ZGUV5y59sEWPRuEdfl/hf_20260925_154732_c373c51f-8968-45b2-b76f-fdb07dc3f74c.mp4
1	video	video/passing-absence.mp4	https://d8j0ntlcm91z4.cloudfront.net/user_3IF74Vyc1ZGUV5y59sEWPRuEdfl/hf_20260925_154732_97e97e8b-0275-4414-ba19-4a897ac6f0a6.mp4
2	video	video/passing-hijack.mp4	https://d8j0ntlcm91z4.cloudfront.net/user_3IF74Vyc1ZGUV5y59sEWPRuEdfl/hf_20260925_154530_8327b4ca-9cbd-4fa1-bcb7-da132ccadbd2.mp4
3	video	video/passing-failed.mp4	https://d8j0ntlcm91z4.cloudfront.net/user_3IF74Vyc1ZGUV5y59sEWPRuEdfl/hf_20260925_154530_548b5ae5-87d3-47c6-8e05-9075123782cc.mp4
4	video	video/going-under.mp4	https://d8j0ntlcm91z4.cloudfront.net/user_3IF74Vyc1ZGUV5y59sEWPRuEdfl/hf_20260925_154532_fd10b98e-160a-4a6a-ab06-296692cdcc6d.mp4
5	video	video/guest-lock.mp4	https://d8j0ntlcm91z4.cloudfront.net/user_3IF74Vyc1ZGUV5y59sEWPRuEdfl/hf_20260925_154732_49e15520-77a4-463b-84bd-3bd8d6d51103.mp4
6	video	video/title-mark.mp4	https://d8j0ntlcm91z4.cloudfront.net/user_3IF74Vyc1ZGUV5y59sEWPRuEdfl/hf_20260925_154530_1454264d-cc7a-4be3-a4b0-530f6be3591d.mp4
7	video	video/ambient-strait.mp4	https://d8j0ntlcm91z4.cloudfront.net/user_3IF74Vyc1ZGUV5y59sEWPRuEdfl/hf_20260925_154733_93360c55-c2f5-4fbb-a316-de1741dc160d.mp4
8	video	video/ambient-hall.mp4	https://d8j0ntlcm91z4.cloudfront.net/user_3IF74Vyc1ZGUV5y59sEWPRuEdfl/hf_20260925_154732_867b5f8c-6da8-4855-bfa8-8d28f5e44d11.mp4
9	video	video/ambient-wet.mp4	https://d8j0ntlcm91z4.cloudfront.net/user_3IF74Vyc1ZGUV5y59sEWPRuEdfl/hf_20260925_154529_2316ed93-ff06-423b-bd9c-484fc4190942.mp4
10	image	portraits/officer.png	https://d8j0ntlcm91z4.cloudfront.net/user_3IF74Vyc1ZGUV5y59sEWPRuEdfl/hf_20260925_154600_319ae21a-6fe9-40cd-9b9c-95ba9770fa14.png
11	image	portraits/omen.png	https://d8j0ntlcm91z4.cloudfront.net/user_3IF74Vyc1ZGUV5y59sEWPRuEdfl/hf_20260925_154602_3c60e3e2-8433-4530-b228-e107c3d5194f.png
12	image	portraits/keeper.png	https://d8j0ntlcm91z4.cloudfront.net/user_3IF74Vyc1ZGUV5y59sEWPRuEdfl/hf_20260925_154601_652d2a9d-dcb6-409a-b014-ffb4e9a99dee.png
13	image	portraits/sexton.png	https://d8j0ntlcm91z4.cloudfront.net/user_3IF74Vyc1ZGUV5y59sEWPRuEdfl/hf_20260925_154601_a352d6a0-025b-40ea-b350-795561d745c4.png
14	image	portraits/desk.png	https://d8j0ntlcm91z4.cloudfront.net/user_3IF74Vyc1ZGUV5y59sEWPRuEdfl/hf_20260925_154602_9556457f-a15d-430a-a007-a6710014fe08.png
15	image	seals/earth.png	https://d8j0ntlcm91z4.cloudfront.net/user_3IF74Vyc1ZGUV5y59sEWPRuEdfl/hf_20260925_154601_8a8e6db1-ea33-435f-a23e-9e9fa7a6ed54.png
16	image	seals/sky.png	https://d8j0ntlcm91z4.cloudfront.net/user_3IF74Vyc1ZGUV5y59sEWPRuEdfl/hf_20260925_154602_2e054274-602a-4c20-a2ac-65508e8c352b.png
17	image	seals/mortals.png	https://d8j0ntlcm91z4.cloudfront.net/user_3IF74Vyc1ZGUV5y59sEWPRuEdfl/hf_20260925_154602_d97065f2-114a-4a24-8c15-9160caa2cb8c.png
18	image	seals/divinities.png	https://d8j0ntlcm91z4.cloudfront.net/user_3IF74Vyc1ZGUV5y59sEWPRuEdfl/hf_20260925_154602_3545a027-89e8-44a1-964e-ddc9df77f09a.png
19	image	coin-reverie.png	https://d8j0ntlcm91z4.cloudfront.net/user_3IF74Vyc1ZGUV5y59sEWPRuEdfl/hf_20260925_154601_63139276-87ec-4708-84d6-b0b18869dda2.png
20	image	lockup-game.png	https://d8j0ntlcm91z4.cloudfront.net/user_3IF74Vyc1ZGUV5y59sEWPRuEdfl/hf_20260925_154601_bea283b9-0aa1-4ef6-81b0-7737c353a8e1.png
21	image	plate-kerb.png	https://d8j0ntlcm91z4.cloudfront.net/user_3IF74Vyc1ZGUV5y59sEWPRuEdfl/hf_20260925_154601_b45feabd-e617-40ea-ba87-5f11ce9f2f77.png
22	image	sprites/warden.png	https://d8j0ntlcm91z4.cloudfront.net/user_3IF74Vyc1ZGUV5y59sEWPRuEdfl/hf_20260925_154626_b39a0b39-04de-4f00-b437-8b7f21fc2bd5.png
23	image	sprites/enforcer.png	https://d8j0ntlcm91z4.cloudfront.net/user_3IF74Vyc1ZGUV5y59sEWPRuEdfl/hf_20260925_154626_75a97fe9-46eb-4361-a7f0-94138d116853.png
24	image	sprites/hour-clerk.png	https://d8j0ntlcm91z4.cloudfront.net/user_3IF74Vyc1ZGUV5y59sEWPRuEdfl/hf_20260925_154626_34738c4c-99d5-4a51-8550-050811c4a9a5.png
25	image	badges/herald.png	https://d8j0ntlcm91z4.cloudfront.net/user_3IF74Vyc1ZGUV5y59sEWPRuEdfl/hf_20260925_154626_15cdfc44-87af-4c02-8f23-5df76c62d784.png
26	image	badges/witness.png	https://d8j0ntlcm91z4.cloudfront.net/user_3IF74Vyc1ZGUV5y59sEWPRuEdfl/hf_20260925_154627_2c7ed7d0-e34d-4e9b-be89-26f6f5d4d313.png
27	image	badges/ruin.png	https://d8j0ntlcm91z4.cloudfront.net/user_3IF74Vyc1ZGUV5y59sEWPRuEdfl/hf_20260925_154626_a23db049-fcae-4db5-aa2d-d8fa7ed6aa8e.png
28	image	badges/dweller.png	https://d8j0ntlcm91z4.cloudfront.net/user_3IF74Vyc1ZGUV5y59sEWPRuEdfl/hf_20260925_154626_408933dc-a270-40d5-a436-cedf997eb817.png
29	image	badges/cybernetic.png	https://d8j0ntlcm91z4.cloudfront.net/user_3IF74Vyc1ZGUV5y59sEWPRuEdfl/hf_20260925_154626_2e82d9fd-3903-4d55-9006-68546b2a81b3.png
30	image	badges/iridescent.png	https://d8j0ntlcm91z4.cloudfront.net/user_3IF74Vyc1ZGUV5y59sEWPRuEdfl/hf_20260925_154626_7e77332b-531b-43cc-bebb-21771c2239a1.png
31	image	plate-nave.png	https://d8j0ntlcm91z4.cloudfront.net/user_3IF74Vyc1ZGUV5y59sEWPRuEdfl/hf_20260925_154627_09179aa4-1498-4359-ad5b-fc0b172eb79d.png
32	image	plate-hot-street.png	https://d8j0ntlcm91z4.cloudfront.net/user_3IF74Vyc1ZGUV5y59sEWPRuEdfl/hf_20260925_154627_3a6bf67f-f680-48e5-9815-6eaf374f9656.png
33	image	plate-credits.png	https://d8j0ntlcm91z4.cloudfront.net/user_3IF74Vyc1ZGUV5y59sEWPRuEdfl/hf_20260925_154627_49a4b11b-8bfc-44bf-b78c-8d41fe880b0b.png
34	image	props/crt-altar.png	https://d8j0ntlcm91z4.cloudfront.net/user_3IF74Vyc1ZGUV5y59sEWPRuEdfl/hf_20260925_154648_25e10a23-4481-4474-8be0-a5ab6c005e1d.png
35	image	props/grave-slab.png	https://d8j0ntlcm91z4.cloudfront.net/user_3IF74Vyc1ZGUV5y59sEWPRuEdfl/hf_20260925_154649_3c1a6ce4-e01c-459f-a5ea-fca5706b807f.png
36	image	props/shrine-bell.png	https://d8j0ntlcm91z4.cloudfront.net/user_3IF74Vyc1ZGUV5y59sEWPRuEdfl/hf_20260925_154647_c3765997-31ff-4b75-bf84-560ff9d75a8c.png
37	image	props/market-stall.png	https://d8j0ntlcm91z4.cloudfront.net/user_3IF74Vyc1ZGUV5y59sEWPRuEdfl/hf_20260925_154648_85193524-e892-4f6a-8dd4-15dd3c3abd68.png
38	image	props/armored-van.png	https://d8j0ntlcm91z4.cloudfront.net/user_3IF74Vyc1ZGUV5y59sEWPRuEdfl/hf_20260925_154647_071bf869-f172-4944-b1d3-1e7d5c8513f5.png
39	image	props/office-desk.png	https://d8j0ntlcm91z4.cloudfront.net/user_3IF74Vyc1ZGUV5y59sEWPRuEdfl/hf_20260925_154649_a107b091-9384-483d-ae11-0e9d913a641c.png
40	image	props/furnace.png	https://d8j0ntlcm91z4.cloudfront.net/user_3IF74Vyc1ZGUV5y59sEWPRuEdfl/hf_20260925_154647_6f542371-3e0a-488f-8147-d4b01d367a47.png
41	image	props/oval-light.png	https://d8j0ntlcm91z4.cloudfront.net/user_3IF74Vyc1ZGUV5y59sEWPRuEdfl/hf_20260925_154647_1421df33-50ad-420b-adb0-22eeee4d2369.png
42	image	props/wreckage.png	https://d8j0ntlcm91z4.cloudfront.net/user_3IF74Vyc1ZGUV5y59sEWPRuEdfl/hf_20260925_154648_1353feb2-8d93-4ae9-bba7-d98013ac9686.png
43	image	props/listing-board.png	https://d8j0ntlcm91z4.cloudfront.net/user_3IF74Vyc1ZGUV5y59sEWPRuEdfl/hf_20260925_154647_f4888e60-5f99-4787-b6d8-c247421d7ceb.png
44	image	props/yield-node.png	https://d8j0ntlcm91z4.cloudfront.net/user_3IF74Vyc1ZGUV5y59sEWPRuEdfl/hf_20260925_154647_8d63e1b7-49e1-415c-8eff-b57590b509bb.png
45	image	props/clearing-seed.png	https://d8j0ntlcm91z4.cloudfront.net/user_3IF74Vyc1ZGUV5y59sEWPRuEdfl/hf_20260925_154647_2f087095-d63e-4669-826d-5a19d1b32dd9.png
50	audio	audio/bed-nave.mp3	https://d8j0ntlcm91z4.cloudfront.net/user_3IF74Vyc1ZGUV5y59sEWPRuEdfl/hf_20260925_154657_d4cdea4e-7eb4-4f80-939b-332eb76a113e.mp3
51	audio	audio/bed-wet.mp3	https://d8j0ntlcm91z4.cloudfront.net/user_3IF74Vyc1ZGUV5y59sEWPRuEdfl/hf_20260925_154657_0de5ba34-45ff-46c1-ba5d-3dc05bb7e231.mp3
52	audio	audio/bed-care.mp3	https://d8j0ntlcm91z4.cloudfront.net/user_3IF74Vyc1ZGUV5y59sEWPRuEdfl/hf_20260925_154656_125f147a-b82a-4f82-8379-b6857bdfcf3f.mp3
53	audio	audio/bed-annex.mp3	https://d8j0ntlcm91z4.cloudfront.net/user_3IF74Vyc1ZGUV5y59sEWPRuEdfl/hf_20260925_154657_6b554adb-9b71-4c1e-b190-aa46757e1f8a.mp3
54	audio	audio/bed-kerb.mp3	https://d8j0ntlcm91z4.cloudfront.net/user_3IF74Vyc1ZGUV5y59sEWPRuEdfl/hf_20260925_154658_c80bd283-069a-4269-9445-89174c8b2371.mp3
55	audio	audio/bed-ring.mp3	https://d8j0ntlcm91z4.cloudfront.net/user_3IF74Vyc1ZGUV5y59sEWPRuEdfl/hf_20260925_154657_091de33a-69fd-4fd0-b30f-36d0febe5baa.mp3
56	audio	audio/bed-organs.mp3	https://d8j0ntlcm91z4.cloudfront.net/user_3IF74Vyc1ZGUV5y59sEWPRuEdfl/hf_20260925_154657_50f85a6d-54af-4295-a05f-a108e863990b.mp3
57	audio	audio/bed-clearing.mp3	https://d8j0ntlcm91z4.cloudfront.net/user_3IF74Vyc1ZGUV5y59sEWPRuEdfl/hf_20260925_154658_bd2b6656-1a67-4d6f-bc71-1daf20df7978.mp3
58	audio	audio/sfx-strike.mp3	https://d8j0ntlcm91z4.cloudfront.net/user_3IF74Vyc1ZGUV5y59sEWPRuEdfl/hf_20260925_154657_9ab84ee6-5166-4f32-a87d-9ec234476145.mp3
59	audio	audio/sfx-heavy.mp3	https://d8j0ntlcm91z4.cloudfront.net/user_3IF74Vyc1ZGUV5y59sEWPRuEdfl/hf_20260925_154657_97e5b53e-2721-46ea-9d31-793a7faab942.mp3
60	audio	audio/sfx-hit.mp3	https://d8j0ntlcm91z4.cloudfront.net/user_3IF74Vyc1ZGUV5y59sEWPRuEdfl/hf_20260925_154657_e058ee59-e022-478b-9ccc-801d149b5cbf.mp3
61	audio	audio/sfx-dodge.mp3	https://d8j0ntlcm91z4.cloudfront.net/user_3IF74Vyc1ZGUV5y59sEWPRuEdfl/hf_20260925_154656_1e2d625c-d085-4509-b0cb-65849bb29001.mp3
62	audio	audio/sfx-wink.mp3	https://d8j0ntlcm91z4.cloudfront.net/user_3IF74Vyc1ZGUV5y59sEWPRuEdfl/hf_20260925_154736_e798d919-1f79-45d0-aa9e-4662d11ef824.mp3
63	audio	audio/sfx-death.mp3	https://d8j0ntlcm91z4.cloudfront.net/user_3IF74Vyc1ZGUV5y59sEWPRuEdfl/hf_20260925_154705_1aad2060-278c-4e91-9a00-50be9268c0d3.mp3
64	audio	audio/sfx-extract.mp3	https://d8j0ntlcm91z4.cloudfront.net/user_3IF74Vyc1ZGUV5y59sEWPRuEdfl/hf_20260925_154736_4dafcd4e-c5b9-49e4-a397-5c21bb86dcd8.mp3
65	audio	audio/sfx-keep.mp3	https://d8j0ntlcm91z4.cloudfront.net/user_3IF74Vyc1ZGUV5y59sEWPRuEdfl/hf_20260925_154705_f12d01fd-1efe-4431-962f-eea217b9a812.mp3
66	audio	audio/sfx-page.mp3	https://d8j0ntlcm91z4.cloudfront.net/user_3IF74Vyc1ZGUV5y59sEWPRuEdfl/hf_20260925_154736_bd200b8e-00af-4333-822a-23dcd92699f7.mp3
67	audio	audio/sfx-under.mp3	https://d8j0ntlcm91z4.cloudfront.net/user_3IF74Vyc1ZGUV5y59sEWPRuEdfl/hf_20260925_154704_9016b834-7b48-4c0f-9f5d-6f80ba1f611f.mp3
68	audio	audio/sfx-bury.mp3	https://d8j0ntlcm91z4.cloudfront.net/user_3IF74Vyc1ZGUV5y59sEWPRuEdfl/hf_20260925_154736_238c13ac-713f-4dd4-9cda-4fbdb079e292.mp3
69	audio	audio/sfx-freeze.mp3	https://d8j0ntlcm91z4.cloudfront.net/user_3IF74Vyc1ZGUV5y59sEWPRuEdfl/hf_20260925_154704_cee07310-5cbe-40a7-a420-140b7d81c6f6.mp3
70	audio	audio/sfx-appearance.mp3	https://d8j0ntlcm91z4.cloudfront.net/user_3IF74Vyc1ZGUV5y59sEWPRuEdfl/hf_20260925_154704_b54d5c51-ee3f-4507-b843-6f6f851976ef.mp3
71	audio	audio/sfx-hijack.mp3	https://d8j0ntlcm91z4.cloudfront.net/user_3IF74Vyc1ZGUV5y59sEWPRuEdfl/hf_20260925_154736_f33293ea-53be-4c73-97bd-29385f3d8b50.mp3
